Supplier Code,supplier_name,e-mail
C4PIN01,4 PINES BREWING COMPANY WHOLESALE PTY LTD,ACCOUNTS@4PINESBEER.COM.AU
CAAPC01,AAPC LIMITED,ar_aapc@accor.com
CAAPC02,AAPC PROPERTIES OPERATIONS (DH) PTY LTD,H1181-GL04@accor.com
CABCG01,ABC GUTTER CLEANING,info@abcguttercleaning.com.au
CABNO01,AB NOTE AUSTRALASIA PTY LTD,accountsreceivable@abnote.com.au
CACCE01,ACCESS HARDWARE PTY LTD,accounts@accesshardware.com.au
CACCO01,ACCOR AUST&NZ HOSPITALITY P/L,MAGLALANG@accor.com
CACCO02,ACCOMMODATION LINEN PTY LTD,sales@alinen.com.au
CACMN01,ACMN PTY LTD,accounts@acmn.com.au
CACRR01,ACR REFRIGERATION PTY LTD,nicole@acrrefrigeration.com.au
CADAI01,ADAIR FIRE & SECURITY CONSULT.,account@adairfire.com.au
CADSA01,ADSAFE DOORS,sales@adsafedoors.com.au
CADTF01,ADT FIRE MONITORING,adt-accountsquery@tycoint.com
CAGLE01,AGL - ELECTRICITY ACCOUNT,
CAGLG01,AGL - GAS ACCOUNTS,
CAGNE01,AGNEW WINES PTY LTD,kwhiting@agnewwines.com.au
CAIRA01,AIR AROMA AUSTRALIA PTY LTD,aai.accounts@air-aroma.com
CALIS01,A LIST GUIDE PTY LTD,info@alistguide.com.au
CALLR01,ALL ROOFING SERVICES PTY LTD,info@allroofingservices.com.au
CALSC01,ALSCO PTY LTD,acctssydney@alsco.com.au
CANDR01,ANDREWS MEAT INDUSTRIES,accountsreceivable@andrewsmeat.com
CANLL01,ANL LIGHTING AUSTRALIA PTY LTD,sales@ozlite.com.au
CAPRA01,APRA LTD,eftpayments@apra.com.au
CAPTC01,APTC PTY LTD,ACCOUNTS@APTC.COM.AU
CAREA01,AREA PLUMBING,dcrack@areaplumbing.com.au
CARTI01,ARTICO FLOORS PTY LTD,peter.pioro@bigpond.com
CASHL02,ASHLEY GATTE,ashleygatte@gmail.com
CASSA01,ASSA ABLOY HOSPITALITY OCEANIA,australia@vcegroup.com
CATLA01,ATLANTIC PLUMBING SERVICES,admin@atlanticpluming.com.au; admin4@atlanticplumbing.com.au
CAUSL01,AUSLINK DIGITAL COMMUNICATIONS PTY LTD,robert@auslinkdigital.com
CAUST01,AUSTRALIAN JEWISH NEWS,
CAUST02,AUSTRALIAN TAXATION OFFICE (PE,
CAUST04,AUSTRALIA EXPAT TRAVEL,info@ausxpattravel.com.au
CAUST05,AUSTRALIA POST,Kieran.Bennett@auspost.com.au
CAUST06,AUSTRALIAN WAX COMPANY,info@australianwaxco.com.au
CAUST08,AUSTRALIAN SECURITIES & INVESTMENTS COMMISSION,
CAUST09,AUSTRALIAN ESSENTIAL SERVICES COMPLIANCE PTY LTD,aescaccounts@aesc.com.au
CAUST10,AUSTRALIAN INSTITUTE OF HOTEL ENGINEERING (NSW) CH,aihe.sydney@gmail.com
CAUST11,AUSTRALIAN HOTELS ASSOCIATION NSW,enquiries@ahansw.com.au
CAVOC01,AVOCLEAN PTY LTD,accounts@avoclean.com.au
CBAYT01,BAYTON GROUP,accounts@bayton.com.au
CBAYT02,BAYTON CLEANING CO. PTY LTD,accounts@bayton.com.au
CBEED01,BEE DEE BAGS PTY LTD,joanne.dicker@beedeebags.com.au
CBEER01,BEERENBERG PTY LTD,admin@beerenberg.com.au
CBEST01,THE BEST G.J. DRY CLEANERS,info@thebestgjdrycleaners.com.au
CBETT01,BETTERSAFE AIR FILTERATION P/L,accounts@bettersafeair.com.au
CBEYO01,BEYOND THE BLUE AUSTRALIA PTY LTD,julie@beyondtheblue.com.au
CBIDV01,BIDVEST (NSW) PTY LTD,accounts.sydney@bidvest.com.au
CBILP01,BILPIN CIDER CO.,accounts@thirstythursday.com.au
CBIOP01,BIOPAK PTY LTD,accounts@biopak.COM.AU
CBOCL01,BOC LIMITED,EFTPayments@boc.com
CBOOK01,BOOKING.COM BV,info@wldm.com.au
CBRIA01,BRIAN MOREAU,accounts.receivable@brodware.com.au
CBUNZ01,BUNZL OUTSOURCING SERVICES,Bunzl.remittances@bunzl.com.au
CBUSI02,BUSINESS RETREATS AUSTRALIA PTY LTD,accountsreceivable@BESydney.com.au
CBUSI03,BUSINESS DEVELOPMENT ASIA PACIFIC,Orders@Technology4Hotels.com.au
CCADR01,CADRYS PTY LTD,cadrys@cadrys.com.au
CCAMC01,CAMCO PLUMBING SERVICES,accounts@camco.net.au
CCAMN01,CAMNET PTY LTD,remittance@camnet.com.au
CCARG01,CARGO CREW,hello@cargocrew.com.au
CCARO01,CARONA GROUP PTY LTD,sales@carona.com.au
CCASA01,CASAMA GROUP PTY LTD,accountsreceivable@casama.com.au
CCBDL01,CBD LOCKSMITHS NSW PTY LTD,keys@cbdlocksmiths.com.au
CCDIR01,C-DIRECT PTY LTD,dbatchelor@c-direct.com.au
CCHAI01,CHAIR COVERS & CANDELABRA PTY LTD,info@cc-c.com.au
CCHAN01,CHANNON REFRIGERATION PTY LTD,info@channon.com.au
CCHEM01,CHEMTEST PTY LTD,cleanerswarehouse@bigpond.com.au
CCHEM02,CHEMSERVE PTY LTD,sue@powercleantank.com.au
CCHIL01,CHILL TECH SERVICES PTY LTD,remits@bibby.com.au; accounting@chilltechservices.com.au
CCHIP01,CHIPPY'S FOOD DISTRIBUTORS,credit@pfdfoods.com.au
CCHOC01,CHOCOLARTS,info@chocolarts.com.au
CCHOI01,CHOICE CONFERENCING PTY LTD,info@choiceconferencing.com.au
CCIAD01,CI ADVERTISING,office@ciandassociates.com.au
CCICT01,CIC TECHNOLOGY PTY LTD,accounts@cictechonology.com
CCITY01,CITY OF SYDNEY COUNCIL,
CCITY02,CITY NORTH LIQUOR ACCORD,membership.cnla@gmail.com
CCOAS01,COAST LINEN HIRE & COMMERCIAL LAUNDRY,sales@coastlinen.com.au
CCOCA01,COCA-COLA AMATIL (AUST) PTY LT,aus.cod@ccamatil.com
CCONT01,CONTINENTAL PATISSERIE AUST PT,enquiries@patisserie.com.au
CCONV01,CONVERGECOM PTY LTD,
CCOOK01,COOKERS BULK OIL SYSTEM PTY LT,Remittance: ar@cookers.com.au
CCOOL01,COOL CLEAR WATER,accounts@waterlogic.net.au
CCORP01,CORPORATE TRAVELLER VIC 110,
CCRAF01,CRAFTWORK PROJECT MANAGEMENT PTY LTD,bgray@craftwork.com.au
CCRUM01,CRUMBLE PTY LTD,kitchen@pepesaya.com.au
CCSSR01,CSS RETAIL PTY LTD,info@combinedsafety.com.au
CCULT01,CULTURAL EXCHANGE CONSULTANCY PTY LTD,ling@culturalexchangetours.com
CDAIK01,DAIKIN AUSTRALIA PTY LTD,credit@daikin.com.au
CDAVI01,DAVIDSON TRAHAIRE CORPSYCH PTY LTD,accountsreceivable@davcorp.com
CDEBO01,DE BORTOLI WINES PTY. LIMITED,acc_rec@debortoli.com.au
CDEGR01,DE GROOTS SERVICES PTY LTD,admin@degrootsmedia.com.au
CDENG01,DEN GROUP PTY LTD,grant@den.com.au
CDENT01,DENTONS AUSTRALIA PTY LTD,mark.sant@dentons.com
CDESH01,DESHEL FOODS PTY LTD,accounts@deshel.com.au
CDESI01,DESIGNZ ON TRAVEL,admin@designzontravel.co.nz
CDILM01,DILMAH TEA,Dinesh.Selvarajah@dilmah.com.au
CDIMM01,DIMMI PTY LTD,remittances@dimmi.com.au
CDISH01,DISHTEC PTY LTD,ar@dishtec.com.au
CDIVE01,DIVERSEY AUSTRALIA PTY LTD,remittance@sealedair.com
CDORM01,DORMA AUSTRALIA PTY LTD,credit.office@dorma.com
CDOUB01,DOUBLE ROASTERS,james@doubleroasters.com
CDUN&01,DUN & BRADSTREET (AUSTRALIA) PTY LTD,creditcontrol@dub.com.au
CECHE01,ECHELON WINE PARTNERS,accounts_receivable@mcwilliamswines.com.au
CECOF01,ECO-FARMS PTY LTD,nancy.nuh@ecofarms.com.au
CECOL01,ECOLAB PTY LTD,ausaccrec@ecolab.com
CELEC01,ELECTRA LIFT COMPANY PTY LTD,remittance@electralift.com.au
CELEC02,ELECTROLIGHT AUSTRALIA PTY LTD,info@electrolight.com.au
CENER01,ENERGY AUSTRALIA,
CENER02,ENERGY ACTION,accounts@energyaction.com.au
CENTE02,ENTERTAINMENT TRAVEL PTY LTD,
CENTE03,ENTERTAINMENT TRAVEL PARTNERS,bradt@travelpartners.com.au
CENVI01,ENVIRONMENT ESSENTIALS PTY LTD,
CERAS01,ERAS PRINT MANAGEMENT,RODNEY@ERAS.COM.AU
CETHA01,ETHAN GROUP PTY LTD,receivable@ethangroup.com.au
CEUST01,EUSTRALIS FOOD & WINE (NSW) PTY LTD,accounts.nsw@eustralis.com.au
CEVEN01,EVENTSCAPE PTY LTD,Belinda@eventscape.com.au
CEXOT01,EXOTIC CUISINES,
CEZES01,EZESTREAM PTY LTD,accounts@exoticcuisine.net
CFAIR01,FAIRFAX MEDIA PUBLICATIONS PTY LTD,nkirkwood@fairfaxmedia.com.au
CFAIR02,FAIRCHILD MULTIMEDIA PTY LTD,Iinfo@fairchild.com.au
CFAIR03,FAIRMONT RESORT,dhruv.patel@fairmontresort.com.au
CFARM01,FARMER JO,accounts@farmerjo.com.au
CFBIT01,FBI TRAVEL,enquiries@fbitravel.com.au
CFCSC01,FCS COMPUTER SYSTEMS P/L,Arlene.li@planet1world.com
CFERN01,FERNHILL TECHNOLOGY PTY LTD,jacque@fernhilltec.com.au
CFINE01,FINE WINE PARTNERS,credit@lion-nathan.com.au
CFINE02,FINE COFFEE MERCHANTS,fcm@finecoffeemerchants.com.au
CFIRE01,FIRE STOPPING PTY LIMITED,admin@firestopping.com.au
CFIRS01,FIRST NEON AUSTRALASIA PTY LTD,info@firstneon.com.au
CFLIC01,FLICK ANTICIMEX PTY LTD,accounts.receivable@flick-anticimex.com.au
CFOOD01,FOODLINK AUSTRALIA,accounts@foodlinkaustralia.com.au
CFOUR02,FOURNIL 97 PTY LTD,accounts@fournil97.com
CFOUR03,FOUR SEASONS HOTEL SYDNEY,AR.Sydney@fourseasons.com
CFOXT01,FOXTEL CABLE TELEVISION PTY LT,
CGELA01,GELATISSIMO MANUFACTURING PTY LTD,sales@bravogelato.com.au
CGFJA01,G F JAMES PLUMBING SERVICES,info@gfjamesplumbing.com.au
CGLAC01,GLACE ICE CREAM & SORBET,enquiries@glace.com.au
CGLAZ01,GLAZIER QUICK SERVICES,glazierquickservice@gmail.com
CGOGA01,GO GARDENING PTY LTD,admin@gogardening.com.au
CGOLF01,GOLF EXPLORER PTY LTD,shaun@golfexplorer.com.au
CGOWA01,GOWAY TRAVEL,glendac@goway.com.au
CGREE01,GREEN EARTH LIGHTING AUSTRALIA,sales@greenearthlighting.com.au
CGRUM01,THE GRUMPY BAKER AUS P/L,grumpy@thegrumpybaker.com.au
CHARB01,HARBOUR ROCKS HOTEL,
CHARB02,HARBOTTLE ON PREMISE (HARBOTTL,nicole.smith@almliquor.com.au
CHEAL01,HEALTH SAFETY WORKS,accounts@healthsafetyworks.com.au
CHEAP01,HEAPS CHEAP RUBISH REMOVAL,lyndonpickering@icloud.com
CHELE01,HELEXZONE PTY LTD,accounts@helexzone.com.au
CHELL01,HELLOWORLD SERVICES PTY LIMITED,receivables@helloworld.com.au
CHICO01,HICON BUILDING PTY LTD,
CHIRE01,HIRE A HUBBY CROWS NEST,crowsnest.nsw@hireahubby.com.au
CHOST01,HOST-PLUS,
CHOTE01,HOTEL EMPLOYERS MUTUAL, j.martin@eml.com.au
CHOTE03,HOTEL LINDRUM,h8757-gl@accor.com
CHYDR01,HYDRO-CHEM PTY LTD,
CIBIS01,IBIS SYDNEY KING STREET WHARF,H2073-GL8@accor.com
CIBIS02,IBIS WORLD SQUARE,H2073-GL06@accor.com
CIBIS03,IBIS SYDNEY AIRPORT,h3058-gl01@accor.com
CIMPA01,IMPACT TRAVEL INTERNATIONAL PTY LTD,mcarthur2008@bigpond.com
CINDE01,INDEPENDENT SLIP TESTIN SERVIC,info@sliptesting.com.au
CINDE02,INDEPENDENT MONITORING CONSULT,imc.au@imc1.net
CINFI01,INFINITY FIRE PROTECTION,catherine.adair@infinityfire.com.au
CINFO01,INFOR GLOBAL SOLUTIONS (ANZ) PTY LTD,anzreceivables@infor.com
CINIT01,INITIAL HYGIENE,remittances@rentokilinitial.com.au
CINNK01,INNKEEPER SUPPLY COMPANY PTY LTD,info@innkeeper1.com.au
CINSI01,INSIGHT ENTERPRISES AUSTRALIA PTY LTD,creditapac@insight.com
CINTE01,INTERNATIONAL PUBLISHING GROUP,accounts@ipgonline.com.au
CINTE02,INTERNET INTELLIGENCE WORKS,accounts@iiworks.com
CINTE03,INTERACTIVE PTY LTD,accounts@interactive.com.au
CINTE05,INTERACTIVE TELECOMS PTY LTD,kim@interactivetelecoms.com.au
CINTE06,INTEGRA WATER TREATMENT SOLUTIONS,info@integrawater.com.au
CINTE07,INTERNATIONAL CATERING EQUIPMENT PTY LTD,info@internationalcatering.com
CINTE08,INTEGRATED SAFETY TRAINING PTY LTD,istaccounts@greencap.com.au
CINTE09,INTERTOUCH AUSTRALIA PTY LTD,spac-receivable@intertouch.com
CINTO01,IN TOUCH DATA PTY LTD,accounts@intouchdata.com
CIRON01,IRON MOUNTAIN AUSTRALIA PTY LTD,accounts.receivable@zircodata.com.au
CIRON02,IRONBARK DISTILLERY,sales@ironbarkdistillery.com.au
CJ&DI01,J & D IMPORTS AND EXPORTS,sales@jadiae.com
CJACQ01,JACQUES PARTY HIRE PTY LTD,rhonda@jacquespartyhire.com.au
CJAMI01,JAMIE HEVIA,
CJAYM01,JAYMAK PTY LTD,info@jaymak.com.au
CJOBL01,LAUREN JOB,h8758-gm@accor.com
CJOHN01,JOHN R. TURK,credit@rexel.com.au
CJOUR01,JOURNEY EARTH,Penny@journeyearth.com.au
CJUIC01,JUICE AND CO. PTY LTD,accountsreceivable@juiceandco.com.au
CKARM01,KARMA GOODS PTY LTD,accounts@soulfresh.com.au
CKOAL01,KOALA WHOLESALE ELECTRICAL SUP,accounts@koalawholesale.com.au
CKONI01,KONICA MINOLTA BUSINESS SOLUTI,argroupenquiries@konicaminolta.com.au
CKPIR01,KPI RETAIL SERVICES,info@kpirs.com.au
CLANI01,LAN INSTALLATIONS PTY LTD,admin@laninstallations.com.au
CLASM01,CHANTELLE LASMAN-SUTTON,h8758-fb@accor.com
CLAWR01,LAWRENCE DRY CLEANERS MANAGEMENT PTY LTD,accounts@lawrencedrycleaners.com.au
CLAXO01,LAXON LEX,info@laxonlex.com.au
CLDDA01,LD&D AUSTRALIA PTY LIMITED,LionInvoices@lionco.com; ar@lionco.com
CLECS01,LECSAFE AUSTRALIA PTY LTD,admin@lecsafe.com.au
CLEDI01,LEDIFIED LIGHTING CORPORATION PTY LTD,info@ledified.com.au
CLEEJ01,JESSICA LEE,h8758-rm@accor.com
CLIGH01,LIGHTHOUSE PRINT GROUP PTY LTD,sales@lighthouseprintgroup.com.au
CLIQU01,LIQUOR & GAMING NSW,
CLITT01,LITTLE BAKER ST,meredith@littlebakerst.com
CLOCA01,LOCAL MEASURE INTERNATIONAL PTY LTD,finance@getlocalmeasure.com
CLUXP01,LUXPERIENCE ENTERPRISES PTY LTD,
CMAIL01,MAIL CALL COURIERS PTY LTD,remittance@mailcall.com.au
CMAJE01,MAJESTIC AIR CONDITIONING PTY LTD,accounts@majesticair.com.au
CMARI01,MARIE BRERETON DESIGNS AUSTRALIA PTY LTD,enquiries@scuttle.com.au
CMARK01,MARKETBOOMER PTY LTD,accounts@marketboomer.com
CMATT01,MATTHEW PLUMMER,h8758-fo1@accor.com
CMAVE01,MAVERIC ROLLER PRODUCTS PTY LTD,info@maverickrollerproducts.com.au
CMEGA01,MEGASEALED BATHROOMS AUST. P/L,accounts@megasealed.com.au
CMENZ01,THE MENZIES SYDNEY,h2977-gl05@accor.com
CMERC01,MERCURE SYDNEY INTERNATIONAL AIRPORT,H5603-GL1@accor.com
CMERC02,MERCURE SYDNEY POTTS POINT,ar@mercuresydneypottspoint.com.au
CMERC03,MERCURE PARRAMATTA,H2123-GL22@accor.com
CMICH01,MICHAEL GOLDSTON,mike@drgym.com.au
CMICR01,MICROS-FIDELIO AUSTRALIA PTY L,apausaccounts@micros.com
CMICR02,MICROPAY PTY LTD,accounts@wageeasy.com.au
CMIDD01,REBECCA MIDDLETON,h8758-sm@accor.com
CMILL01,MILLY HILL PTY LTD,millyhill@millyhill.com.au
CMINA01,MINACK INVESTMENTS PTY LTD,blackboardart@optusnet.com.au
CMOBA01,MOBAL PTY LTD,info@mybusinessview.com.au
CMOET01,MOET-HENNESSY AUSTRALIA PTY LT,information@moet-hennessy.com.au
CMOOR01,MOORE AND MOORE SIGNS,mooresigns@bigpond.com
CMORE01,MORE THAN A TOUR,garyp@morethanatour.com.au
CMRIC01,MR ICEMAN,ice@mriceman.com.au
CNCHA01,NCH AUSTRALIA PTY LTD,Receivables.AU@nch.com
CNEGO01,NEGOCIANTS AUSTRALIA,ordersnsw@samsmith.com
CNEOO01,NEO@OGILVY PTY LTD,accounts.receivable@ogilvy.com.au
CNESP01,NESPRESSO PROFESSIONAL,auaccountsreceivable@nespresso.com
CNEST01,NESTLE AUSTRALIA LTD,AUFoodServiceAR.NBSAOA@PH.nestle.com
CNEWC01,NEW CREATION PRINT,ncpaccounts@newcreationprint.com.au
CNEWI01,NEWINGTON BOULEVARDE PTY LTD,john.newington@bigpond.com
CNILF01,NILFISK PTY LTD,receivables.au@nilfisk.com
CNISB01,NISBETS AUSTRALIA PTY LTD,remittances@nisbets.com.au
CNOMA01,NOMAD DISTRIBUTION,accounts@nomadistribution.com.au
CNORT01,NORTHSIDE PAPER & PACKAGING PTY LTD,sales@northsidepaper.com.au
CNOVA02,NOVA ENTERTAINMENT,KHolland@novaentertainment.com.au
CNOVO01,NOVOTEL SYDNEY OLYMPIC PARK,H2732-GL04@accor.com
CNOVO02,NOVOTEL SYDNEY ON DARLING HARBOUR,H1181-GL10@accor.com
CNOVO03,NOVOTEL SYDNEY CENTRAL,h8781-gl3@accor.com
CNOVO04,NOVOTEL SYDNEY MANLY PACIFIC,h5462-gl4@accor.com
COBRI01,O'BRIEN GLASS INDUSTRIES LTD,allocations@obrienglass.com.au
COFFI01,OFFICEMAX AUSTRALIA PTY LTD,Emily.Scanlan@OfficeMax.com.au
COFFI02,"OFFICE OF LIQUOR, GAMING & RAC",
CONTA01,ON TARGETT COMMUNICATIONS PTY LTD,bev@ontargett.com.au
COPTU01,OPTUS BILLING SERVICES PTY LTD,
CORAC01,ORACLE CORPORATION AUSTRALIA PTY LTD,APAUSAccounts_AU@oracle.com
CORIC01,ORICOM INTERNATIONAL PTY LTD,accounts@oricom.com.au
COZAC01,OZACCOM PTY LTD,irinap@ozaccom.com.au
CPACI01,"PACIFIC DRIVE AND TRAVEL, INC",
CPACI02,PACIFIC PIER PTY LTD,accounts@therockstours.com.au
CPALM01,PALMERS GLASS,Jody@palmersglass.com.au
CPAPE01,PAPER AND PRINT DIRECT PTY LIMITED,accounts@paperandprintdirect.com.au
CPAPE02,PAPER PRINT & DESIGN PTY LIMITED,accounts@paperprintdesign.com.au
CPAST01,PASTELES BAKEHOUSE AUSTRALIA PTY,info@pastelesbakehouse.com.au
CPATC01,PATCHETT'S PIES PTY LTD,kim@patchettpies.com.au
CPEDR01,PETER PEDRYC,h8758-te@accor.com
CPEOP01,PEOPLE REACHING POTENTIAL,info@myprp.com.au
CPHON01,PHONOGRAPHIC PERFORMANCE COMPA,licensing.mail@ppca.com.au
CPINN01,PINNACLE PEOPLE,payroll@pinnaclepeople.com.au
CPINO01,PINOT MOW,steven@pinotnow.com.au
CPLAC01,PLACARD,kim.mckay@placard.com.au
CPLAY01,PLAYFORD HOTEL PTY LTD,reservations@theplayford.com.au
CPOHR01,ADRIANA POH-RUSH,h8758-sm@accor.com
CPREC01,PRECISE AIR GROUP PTY LTD,info@preciseair.com.au
CPULL01,PULLMAN QUAY GRAND SYDNEY,h8779-gl1@accor.com
CPULL02,PULLMAN AT SYDNEY OLYMPIC PARK,H2732-GL04@accor.com
CPULL03,PULLMAN MAGENTA SHORES RESORT,H8791-GL4@accor.com
CPULL04,PULLMAN SYDNEY HYDE PARK,H8763-GL2@accor.com
CPULL05,PULLMAN SYDNEY AIRPORT,H9522-GL2@accor.com
CPURA01,"PURAVIDA, WAY OF LIFE",info@puravidagifts.com.au
CPURA02,PURAX FEATHER HOLDINGS PTY LTD,purax@purax.com.au
CPURE01,PURE COLOURS DIGITAL IMAGING PTY LTD,accounts@coloursdigital.com.au
CQCCA01,QCC AUSTRALIA PTY LTD,
CQUAY01,QUAY WEST SUITES,h8764-gl5@accor.com
CRECA01,RECALL INFORMATION MANAGEMENT PTY LTD,remittance@recall.com
CRECO01,RECOGNITION ID,admin2@recognitionid.com.au
CREDE01,RED ENERGY PTY LTD,business@redenergy.com.au
CREHO01,REHO TRAVEL PTY LTD,lorraine@reho.com
CREIL01,REILLY & SONS FOOD SERVICES,reillyandsons@bigpond.com
CREIV01,REIVERNET PTY LTD,au-accounts@reivernet.com
CREPE01,REPERTOIRE CULINAIERE AUSTRALIA PTY LTD,sales@repertoireculinaiere.com.au
CREVI01,REVITALISE REPAIR SERVICES,
CRHEE01,RHEEM AUSTRALIA PTY LTD,serviceaccounts@rheem.com.au
CRICH02,RICH PRODUCTS AUSTRALIA P/L,nlove@rich.com
CRICO01,RICOH AUSTRALIA PTY LTD,itcredit@ricoh.com.au
CROAR01,ROARING FORK WINE CO,admin@roaringforkwineco.com.au
CROBE02,ROBERT OATLEY VINEYARDS P/L,ofwaccounts@robertoatley.com.au
CRWEA01,R.WEATHERDON & CO PTY LTD,accounts@weatherdon.com.au
CSAMU01,SAMUEL SMITH & SON PTY LTD,ordersnsw@samsmith.com
CSEEK01,SEEK LIMITED,remittance@seek.com.au
CSELE01,SELECT PRINT SOLUTIONS,accounts@selectprint.com.au
CSELE02,SELECT FRESH PROVIIDORES,orders@selectprovidores.com.au
CSETO01,SETON AUSTRALIA,SetonAust_accounts@seton.com
CSEVE01,SEVEN NETWORK OPERATIONS LTD,
CSHAM01,SHAMROCK COMMUNICATIONS PTY LTD,accounts@shamrockcommunications.com.au
CSHOW01,SHOW GROUP ENTERPRISES PTY LTD,ar@showgroup.com.au
CSIGN01,SIGNARAMA CITY NORTH,citynorth@signarama.com.au
CSIMO01,SIMON GEORGE & SONS SYDNEY,debtors@simongeorge.com.au
CSIMO03,SIMON JOHNSON,sjsales@simonjohnson.com
CSITE01,SITEMINDER,accounts@siteminder.com.au
CSLEE01,SLEEPMAKER,ar@thecomfortgroup.co
CSMUD01,SMUDGE PUBLISHING PTY LTD,penny.cordner@smudgepub.com.au
CSOFI01,SOFITEL SYDNEY WENTWORTH,H3665@SOFITEL.COM
CSONO01,SONOMA BAKING COMPANY,accounts@sonoma.com.au
CSOUL01,SOULFRESH GROUP,ar@soulfresh.com.au
CSOUN01,SOUNDBLOCK SOLUTIONS PTY LTD,admin@soundblock.com.au
CSTAG01,STAGE & SCREEN TRAVEL (MOORE P,psok@stageandscreen.com.au
CSTAR01,STAR RATINGS AUSTRALIA,info@starratings.com.au
CSTAT02,STATELINE PTY LTD,sales@stateline.com.au
CSTAY01,STAY WRIGHT PTY LTD,staywright@optusnet.com.au
CSTEE01,STEELITE INTERNATIONAL,australia@steelite.com
CSTJO01,ST. JOHN AMBULANCE AUST. (NSW),eft@stjohnnsw.com.au
CSUNL01,SUNLITE HARDWARE PTY LTD,accounts@sunlitehardware.com.au
CSUPA01,SUPAGAS,remittances@supagas.net.au
CSURE01,SURELINC SERVICES,NSWremittances@scottishpacific.com
CSWAI01,"SWAIN'S TRAVEL, INC.",Travel@Nantucket.net
CSYDN01,SYDNEY WATER,
CSYDN02,SYDNEY TRADE CONNECT,stcoffice@optusnet.com.au
CSYDN03,SYDNEY PACKAGING PTY LTD,mail@sydneypackaging.com.au
CSYDN04,SYDNEY WASTE PTY LTD,info@sydneywaste.com
CSYDN05,SYDNEY HARBOUR FORESHORE AUTHORITY,smolonogov@shfa.nsw.gov.au
CSYDN06,SYDNEY APPLIANCE SERVICE,service@sydneyappliance.com.au
CSYDN07,SYDNEY PROP SPECIALISTS,INFO@SYDNEYPROPS.COM.AU
CTABS01,TABSERV PTY LTD,contactus@tabserv.com.au
CTAKE01,TAKE THE PLUNGE PLUMBING,accounts@taketheplungeplumbing.com.au
CTANI01,TANIA WILSON,twilson07@bigpond.com
CTEAC01,TEA CRAFT,info@teacraft.com.au
CTEAT01,TEA TOO PTY LTD,accounts@t2tea.com
CTECH01,TECHNOGYM AUSTRALIA PTY LTD,info.au@technogym.com
CTELE01,TELEMALLAUDIO PTY LTD,accounts@telemallaudio.com.au
CTELS01,TELSTRA,
CTHEB01,THE BREAD AND BUTTER PROJECT,accounts@thebreadandbutterproject.com
CTHEB02,THE BETTER DRINKS CO PTY LTD,Tianna.Matulick@betterdrinksco.com.au
CTHEC01,THE COMO MELBOURNE,h8801@accor.com
CTHEH01,THE HOSPITALITY STORE,accountsr@rewarddistribution.com.au
CTHEH02,THE HEALTH NUTT PTY LTD,info@thehealthnutt.com.au
CTHEL01,THE LORD NELSON BREWERY,hotel@lordnelson.com.au
CTHEN01,THE NEW INCHCOLM HOTELS & SUITES,stay@inchcolm.com.au
CTHEP01,THE PACKAGING PLACE,sales@packagingplace.com.au
CTHER01,THE REEF HOUSE,claire_murphy@reefhouse.com.au
CTHES01,THE SEBEL RESIDENCE CHATSWOOD,H8800@accor.com
CTHES02,THE SEBEL KIRKTON PARK,H8799-AM@accor.com
CTHES03,THE SYDNEY METROPOLITAN PILLOW CLEANER,info@pillowcleaner.com.au
CTHES04,THE SHOWER REPAIR CENTRE,accounts@showerrepairs.com.au
CTHEW01,THE WHEELER CENTRE,accounts@wheelercentre.com
CTHEW02,THE WONDERSNACK CO.,accounts@wondersnack.com.au
CTHIR01,THIRSTY THURSDAY BEVERAGE CO PTY LTD,accounts@thirstythursday.com.au
CTMGA01,TMG ARGYLE & TMG AMCO ARGYLE,Ljiljana@tmgdev.com.au
CTMGD01,TMG DEVELOPMENTS,Ljiljana@tmgdev.com.au
CTOMA01,TOM ANTCLIFF PHOTOGRAPHY,tom_antcliff@hotmail.com
CTOOH01,TOOHEYS PTY LIMITED,credit@lion-nathan.com.au
CTOPS01,TOP SHELF CONCEPTS,sales@topshelfconcepts.com.au
CTOTA01,TOTAL SUPPLY SOLUTIONS,accounts@xo2.com.au
CTOUR01,TOUR EAST AUSTRALIA PTY LIMITED,accounts-aus@toureast.net
CTOUR02,TOURISM ACCOMMODATION AUST,
CTOUR03,TOURING TREASURES,suzy.mercien@touringtreasures.com
CTRAG01,TRAGLEN RESTAURANT CLEANERS,
CTREV01,TREVAN JOHNS & ASSOCIATES PTY LTD,admin@tjacom.com.au
CTROP01,TROPPO PTY LTD,ellis@troppofood.com.au
CTUPL01,T U PLUMBING SERVICES,tony_ussia@hotmail.com
CTURN01,TURNER BROS FURNISHINGS PTY LTD,susan@turnerbros.com.au
CTYCO01,TYCO AUSTRALIA PTY LTD,remitvic@tycoint.com
CUNIV01,UNIVERSAL LIGHTING EDGECLIFF PTY LTD,sales@universallighting.com.au
CURBA01,URBAN WALKABOUT PTY LTD,
CUXCE01,UXC ECLIPSE PTY LTD,smahalingam@uxceclipse.com
CVALI01,VALITEL COMMERCIAL PTY LIMITED,bsandagjav@valitel.com.au
CVANI01,VANITY GROUP PTY LTD,cwang@vanitygroup.com
CVANL01,VAN LAAR PHOTOGRAPHY,SHANEVANLAAR@GMAIL.COM
CVENU01,VENU HQ,natalie@femhq.com.au
CVENU02,VENUES GALORE PTY LTD,info@venuesgalore.com.au
CVENU03,VENUEMOB,finance@venuemob.com.au
CVEOL01,VEOLIA ENVIRONMENTAL SERVICES,nswremittance@veolia.com.au
CVSEI01,VSE INTERNATIONAL,N.Love@vseinternational.com.au
CWHIT01,WHITE HOUSE FLOWERS PTY LTD,accounts@whitehouseflowers.com.au
CWHOL01,WHOLESALEPAK PTY LTD,joel@wholesalepak.com.au
CWILS01,WILSON PARKING,eftremittance@wilsonparking.com.au
CWORL01,WORLD TRAVEL PROFESSIONALS-BNE,gccommissions@worldtravel.com.au
CYARD01,YARDLEY HOSPITALITY AGENCIES,accounts@yardleyhospitality.com.au
CZIPH01,ZIP HEATERS (AUST) PTY LTD,debtors@zipindustries.com
